{
  "type": "flow",
  "kind": "artifact",
  "metadata": {
    "trifactaVersion": "7.1.0+350.20200610231354.91cd3df",
    "exportedAt": "2020-06-16T17:41:15.304Z",
    "exportedBy": 101459,
    "uuid": "93b45280-aff8-11ea-95f8-69454936efc4",
    "primaryFlowIds": [
      276829
    ],
    "edition": "Dataprep",
    "lastMigration": "20200212172500"
  },
  "data": {
    "artifacts": [
      {
        "id": 9437,
        "artifactStorageId": 9533,
        "type": "targetmapping"
      },
      {
        "id": 9448,
        "artifactStorageId": 9544,
        "type": "targetmapping"
      }
    ],
    "connections": [],
    "flows": [
      {
        "id": 276829,
        "name": "Vanilla Flow",
        "description": "Standardise company names",
        "defaultOutputDir": null,
        "flownodes": [
          {
            "id": 1487040,
            "scriptId": 1367563,
            "flowNodeId": null,
            "wrangled": true,
            "referenceId": null
          },
          {
            "id": 1487998,
            "scriptId": 1368442,
            "flowNodeId": null,
            "wrangled": false,
            "referenceId": null
          }
        ],
        "notes": [],
        "flowgraphvertices": [
          {
            "id": 17853,
            "objectType": "flownode",
            "objectId": 1487040,
            "x": 360,
            "y": 66
          },
          {
            "id": 18382,
            "objectType": "flownode",
            "objectId": 1487998,
            "x": 132,
            "y": 63
          },
          {
            "id": 18766,
            "objectType": "outputobject",
            "objectId": 252325,
            "x": 600,
            "y": 66
          }
        ],
        "flowedges": [
          {
            "id": 1336360,
            "inFlowNodeId": 1487998,
            "inPortId": null,
            "outFlowNodeId": 1487040,
            "outPortId": null
          }
        ],
        "references": [],
        "flowrunparameteroverrides": [],
        "runparameters": [],
        "recipes": [
          {
            "id": 1367563,
            "name": "companies",
            "description": null,
            "active": true,
            "nextPortId": 1,
            "steps": [
              {
                "portId": null,
                "task": {
                  "annotations": {
                    "hidden": true
                  },
                  "kind": "task",
                  "type": "Load",
                  "parameters": {
                    "format": {
                      "annotations": {},
                      "kind": "func",
                      "type": "FormatBlob",
                      "parameters": {}
                    },
                    "location": {
                      "kind": "constant",
                      "type": "String",
                      "value": "portId://null"
                    },
                    "enableLineage": {
                      "kind": "constant",
                      "type": "Bool",
                      "value": true
                    },
                    "as": {
                      "kind": "array",
                      "type": "Array",
                      "value": [
                        {
                          "kind": "constant",
                          "type": "String",
                          "value": "column1"
                        }
                      ]
                    }
                  },
                  "outputName": "original_datasource_669414"
                },
                "tableData": null,
                "columnMetadata": {
                  "Country": {
                    "id": "qj95ef"
                  },
                  "Company Name": {
                    "id": "-9e23np"
                  },
                  "Company ID 1": {
                    "id": "-9e6oo8"
                  },
                  "Company ID 2": {
                    "id": "-9e6oo7"
                  },
                  "Company ID 3": {
                    "id": "-9e6oo6"
                  },
                  "Company ID 4": {
                    "id": "-9e6oo5"
                  },
                  "Country1": {
                    "id": "na1ajs"
                  },
                  "ZIP Code": {
                    "id": "-2fh13xr"
                  },
                  "TRIFACTA__FILE_LINEAGE_INFO": {
                    "id": "38th632"
                  }
                },
                "id": 7692076,
                "hash": "358968e801997c1dc848cf0a46a968260b4928f9",
                "pbemappingartifacts": [],
                "targetmappingartifacts": []
              },
              {
                "portId": null,
                "task": {
                  "annotations": {},
                  "kind": "task",
                  "type": "SetType",
                  "parameters": {
                    "col": {
                      "kind": "array",
                      "type": "Array",
                      "value": [
                        {
                          "kind": "column",
                          "type": "Column",
                          "value": "ZIP Code",
                          "relation": null
                        }
                      ]
                    },
                    "type": {
                      "kind": "bundle",
                      "type": "Bundle",
                      "value": "String"
                    }
                  },
                  "outputName": null
                },
                "tableData": null,
                "columnMetadata": {},
                "id": 7708497,
                "hash": "0a8d5e79e5b2f5c22c7c47c2fae0beb8dfda9f7a",
                "pbemappingartifacts": [],
                "targetmappingartifacts": []
              },
              {
                "portId": null,
                "task": {
                  "annotations": {
                    "outputColumnAnnotations": {
                      "Company Name": {
                        "type": [
                          "String"
                        ],
                        "_likely_types": [
                          [
                            "String"
                          ],
                          [
                            "Integer"
                          ],
                          [
                            "Phone"
                          ],
                          [
                            "SSN"
                          ],
                          [
                            "Map"
                          ]
                        ]
                      }
                    }
                  },
                  "kind": "task",
                  "type": "ReplacePatterns",
                  "parameters": {
                    "with": {
                      "kind": "constant",
                      "type": "String",
                      "value": ""
                    },
                    "col": {
                      "kind": "array",
                      "type": "Array",
                      "value": [
                        {
                          "kind": "column",
                          "type": "Column",
                          "value": "Company Name",
                          "relation": null
                        }
                      ]
                    },
                    "global": {
                      "kind": "constant",
                      "type": "Bool",
                      "value": true
                    },
                    "on": {
                      "kind": "constant",
                      "type": "Pattern",
                      "value": "NO USAR"
                    },
                    "as": {
                      "kind": "array",
                      "type": "Array",
                      "value": [
                        {
                          "kind": "constant",
                          "type": "String",
                          "value": "Company Name"
                        }
                      ]
                    }
                  },
                  "outputName": null
                },
                "tableData": null,
                "columnMetadata": {},
                "id": 7692142,
                "hash": "2bdaf5df491b51fccd6d21e2f945d8824eb9bfa6",
                "pbemappingartifacts": [],
                "targetmappingartifacts": []
              },
              {
                "portId": null,
                "task": {
                  "annotations": {
                    "outputColumnAnnotations": {
                      "Company Name": {
                        "type": [
                          "String"
                        ],
                        "_likely_types": [
                          [
                            "String"
                          ],
                          [
                            "Integer"
                          ],
                          [
                            "Phone"
                          ],
                          [
                            "SSN"
                          ],
                          [
                            "Map"
                          ]
                        ]
                      }
                    }
                  },
                  "kind": "task",
                  "type": "ReplacePatterns",
                  "parameters": {
                    "with": {
                      "kind": "constant",
                      "type": "String",
                      "value": ""
                    },
                    "col": {
                      "kind": "array",
                      "type": "Array",
                      "value": [
                        {
                          "kind": "column",
                          "type": "Column",
                          "value": "Company Name",
                          "relation": null
                        }
                      ]
                    },
                    "global": {
                      "kind": "constant",
                      "type": "Bool",
                      "value": true
                    },
                    "on": {
                      "kind": "constant",
                      "type": "Pattern",
                      "value": "no usar"
                    },
                    "as": {
                      "kind": "array",
                      "type": "Array",
                      "value": [
                        {
                          "kind": "constant",
                          "type": "String",
                          "value": "Company Name"
                        }
                      ]
                    }
                  },
                  "outputName": null
                },
                "tableData": null,
                "columnMetadata": {},
                "id": 7708657,
                "hash": "ef249e299948ac738104547cb445fef6291d7f4e",
                "pbemappingartifacts": [],
                "targetmappingartifacts": []
              },
              {
                "portId": null,
                "task": {
                  "annotations": {
                    "outputColumnAnnotations": {
                      "Company Name": {
                        "type": [
                          "String"
                        ],
                        "_likely_types": [
                          [
                            "String"
                          ],
                          [
                            "Integer"
                          ],
                          [
                            "Phone"
                          ],
                          [
                            "SSN"
                          ],
                          [
                            "Map"
                          ]
                        ]
                      }
                    }
                  },
                  "kind": "task",
                  "type": "ReplacePatterns",
                  "parameters": {
                    "with": {
                      "kind": "constant",
                      "type": "String",
                      "value": ""
                    },
                    "col": {
                      "kind": "array",
                      "type": "Array",
                      "value": [
                        {
                          "kind": "column",
                          "type": "Column",
                          "value": "Company Name",
                          "relation": null
                        }
                      ]
                    },
                    "global": {
                      "kind": "constant",
                      "type": "Bool",
                      "value": true
                    },
                    "on": {
                      "kind": "constant",
                      "type": "Pattern",
                      "value": "No usar"
                    },
                    "as": {
                      "kind": "array",
                      "type": "Array",
                      "value": [
                        {
                          "kind": "constant",
                          "type": "String",
                          "value": "Company Name"
                        }
                      ]
                    }
                  },
                  "outputName": null
                },
                "tableData": null,
                "columnMetadata": {},
                "id": 7708658,
                "hash": "1e10d3b0a875bd4687077869f6a3c8b7c965eb5b",
                "pbemappingartifacts": [],
                "targetmappingartifacts": []
              },
              {
                "portId": null,
                "task": {
                  "annotations": {
                    "outputColumnAnnotations": {
                      "Company Name": {
                        "type": [
                          "String"
                        ],
                        "_likely_types": [
                          [
                            "String"
                          ],
                          [
                            "Integer"
                          ],
                          [
                            "Phone"
                          ],
                          [
                            "SSN"
                          ],
                          [
                            "Map"
                          ]
                        ]
                      }
                    }
                  },
                  "kind": "task",
                  "type": "ReplacePatterns",
                  "parameters": {
                    "with": {
                      "kind": "constant",
                      "type": "String",
                      "value": ""
                    },
                    "col": {
                      "kind": "array",
                      "type": "Array",
                      "value": [
                        {
                          "kind": "column",
                          "type": "Column",
                          "value": "Company Name",
                          "relation": null
                        }
                      ]
                    },
                    "global": {
                      "kind": "constant",
                      "type": "Bool",
                      "value": true
                    },
                    "on": {
                      "kind": "constant",
                      "type": "Pattern",
                      "value": "NO UTILIZAR"
                    },
                    "as": {
                      "kind": "array",
                      "type": "Array",
                      "value": [
                        {
                          "kind": "constant",
                          "type": "String",
                          "value": "Company Name"
                        }
                      ]
                    }
                  },
                  "outputName": null
                },
                "tableData": null,
                "columnMetadata": {},
                "id": 7692154,
                "hash": "e7f34232c7a85036a63343001f90470b42470c5c",
                "pbemappingartifacts": [],
                "targetmappingartifacts": []
              },
              {
                "portId": null,
                "task": {
                  "annotations": {
                    "outputColumnAnnotations": {
                      "Company Name": {
                        "type": [
                          "String"
                        ],
                        "_likely_types": [
                          [
                            "String"
                          ],
                          [
                            "Integer"
                          ],
                          [
                            "Phone"
                          ],
                          [
                            "SSN"
                          ],
                          [
                            "Map"
                          ]
                        ]
                      }
                    }
                  },
                  "kind": "task",
                  "type": "ReplacePatterns",
                  "parameters": {
                    "with": {
                      "kind": "constant",
                      "type": "String",
                      "value": ""
                    },
                    "col": {
                      "kind": "array",
                      "type": "Array",
                      "value": [
                        {
                          "kind": "column",
                          "type": "Column",
                          "value": "Company Name",
                          "relation": null
                        }
                      ]
                    },
                    "global": {
                      "kind": "constant",
                      "type": "Bool",
                      "value": true
                    },
                    "on": {
                      "kind": "constant",
                      "type": "Pattern",
                      "value": "non usare"
                    },
                    "as": {
                      "kind": "array",
                      "type": "Array",
                      "value": [
                        {
                          "kind": "constant",
                          "type": "String",
                          "value": "Company Name"
                        }
                      ]
                    }
                  },
                  "outputName": null
                },
                "tableData": null,
                "columnMetadata": {},
                "id": 7692160,
                "hash": "54bf7d2bdfbdbe878d0213a8c7edb0516c8220f8",
                "pbemappingartifacts": [],
                "targetmappingartifacts": []
              },
              {
                "portId": null,
                "task": {
                  "annotations": {
                    "outputColumnAnnotations": {
                      "Company Name": {
                        "type": [
                          "String"
                        ],
                        "_likely_types": [
                          [
                            "String"
                          ],
                          [
                            "Integer"
                          ],
                          [
                            "Phone"
                          ],
                          [
                            "SSN"
                          ],
                          [
                            "Map"
                          ]
                        ]
                      }
                    }
                  },
                  "kind": "task",
                  "type": "ReplacePatterns",
                  "parameters": {
                    "with": {
                      "kind": "constant",
                      "type": "String",
                      "value": ""
                    },
                    "col": {
                      "kind": "array",
                      "type": "Array",
                      "value": [
                        {
                          "kind": "column",
                          "type": "Column",
                          "value": "Company Name",
                          "relation": null
                        }
                      ]
                    },
                    "global": {
                      "kind": "constant",
                      "type": "Bool",
                      "value": true
                    },
                    "on": {
                      "kind": "constant",
                      "type": "Pattern",
                      "value": "NON USARE"
                    },
                    "as": {
                      "kind": "array",
                      "type": "Array",
                      "value": [
                        {
                          "kind": "constant",
                          "type": "String",
                          "value": "Company Name"
                        }
                      ]
                    }
                  },
                  "outputName": null
                },
                "tableData": null,
                "columnMetadata": {},
                "id": 7708668,
                "hash": "55271db1db60bb9d606fde37f8d067e63716cc7a",
                "pbemappingartifacts": [],
                "targetmappingartifacts": []
              },
              {
                "portId": null,
                "task": {
                  "annotations": {
                    "outputColumnAnnotations": {
                      "Company Name": {
                        "type": [
                          "String"
                        ],
                        "_likely_types": [
                          [
                            "String"
                          ],
                          [
                            "Integer"
                          ],
                          [
                            "Phone"
                          ],
                          [
                            "SSN"
                          ],
                          [
                            "Map"
                          ]
                        ]
                      }
                    }
                  },
                  "kind": "task",
                  "type": "ReplacePatterns",
                  "parameters": {
                    "with": {
                      "kind": "constant",
                      "type": "String",
                      "value": ""
                    },
                    "col": {
                      "kind": "array",
                      "type": "Array",
                      "value": [
                        {
                          "kind": "column",
                          "type": "Column",
                          "value": "Company Name",
                          "relation": null
                        }
                      ]
                    },
                    "global": {
                      "kind": "constant",
                      "type": "Bool",
                      "value": true
                    },
                    "on": {
                      "kind": "constant",
                      "type": "Pattern",
                      "value": "non utilizzare"
                    },
                    "as": {
                      "kind": "array",
                      "type": "Array",
                      "value": [
                        {
                          "kind": "constant",
                          "type": "String",
                          "value": "Company Name"
                        }
                      ]
                    }
                  },
                  "outputName": null
                },
                "tableData": null,
                "columnMetadata": {},
                "id": 7692168,
                "hash": "7acdf4e235329c5e23c591575e4798f99b4a321d",
                "pbemappingartifacts": [],
                "targetmappingartifacts": []
              },
              {
                "portId": null,
                "task": {
                  "annotations": {
                    "outputColumnAnnotations": {
                      "Company Name": {
                        "type": [
                          "String"
                        ],
                        "_likely_types": [
                          [
                            "String"
                          ],
                          [
                            "Integer"
                          ],
                          [
                            "Phone"
                          ],
                          [
                            "SSN"
                          ],
                          [
                            "Map"
                          ]
                        ]
                      }
                    }
                  },
                  "kind": "task",
                  "type": "ReplacePatterns",
                  "parameters": {
                    "with": {
                      "kind": "constant",
                      "type": "String",
                      "value": ""
                    },
                    "col": {
                      "kind": "array",
                      "type": "Array",
                      "value": [
                        {
                          "kind": "column",
                          "type": "Column",
                          "value": "Company Name",
                          "relation": null
                        }
                      ]
                    },
                    "global": {
                      "kind": "constant",
                      "type": "Bool",
                      "value": true
                    },
                    "on": {
                      "kind": "constant",
                      "type": "Pattern",
                      "value": "NON UTILIZZARE"
                    },
                    "as": {
                      "kind": "array",
                      "type": "Array",
                      "value": [
                        {
                          "kind": "constant",
                          "type": "String",
                          "value": "Company Name"
                        }
                      ]
                    }
                  },
                  "outputName": null
                },
                "tableData": null,
                "columnMetadata": {},
                "id": 7692169,
                "hash": "4b4c1c44478e562944c869ac8b38ad6c0852f532",
                "pbemappingartifacts": [],
                "targetmappingartifacts": []
              },
              {
                "portId": null,
                "task": {
                  "annotations": {
                    "hidden": true
                  },
                  "kind": "task",
                  "type": "Load",
                  "parameters": {
                    "location": {
                      "kind": "constant",
                      "type": "String",
                      "value": "artifactId://9437"
                    },
                    "format": {
                      "annotations": {},
                      "kind": "func",
                      "type": "FormatTrifacta",
                      "parameters": {
                        "rowDelimiter": {
                          "kind": "constant",
                          "type": "String",
                          "value": "\n"
                        },
                        "quote": {
                          "kind": "constant",
                          "type": "String",
                          "value": "\""
                        },
                        "keepTrailingRecord": {
                          "kind": "constant",
                          "type": "Bool",
                          "value": true
                        },
                        "quoteEscapeChar": {
                          "kind": "constant",
                          "type": "String",
                          "value": "\\"
                        },
                        "includeLineage": {
                          "kind": "constant",
                          "type": "Bool",
                          "value": true
                        },
                        "includeFileLineage": {
                          "kind": "constant",
                          "type": "Bool",
                          "value": true
                        },
                        "maxRecordLength": {
                          "kind": "constant",
                          "type": "Integer",
                          "value": 1048576
                        },
                        "includeByteOffset": {
                          "kind": "constant",
                          "type": "Bool",
                          "value": false
                        }
                      }
                    },
                    "as": {
                      "kind": "array",
                      "type": "Array",
                      "value": [
                        {
                          "kind": "constant",
                          "type": "String",
                          "value": "artifactData"
                        }
                      ]
                    }
                  },
                  "outputName": "table_bf9c9c62649f654b8f0f823d309242cc4a5726b1"
                },
                "tableData": null,
                "columnMetadata": {
                  "artifactData": {
                    "id": "cut7q6l"
                  },
                  "TRIFACTA__LINEAGE_INFO": {
                    "id": "9u3b0b5"
                  }
                },
                "id": 7717176,
                "hash": "693900e30d1d410b60021ff774d2088a29e272ee",
                "pbemappingartifacts": [],
                "targetmappingartifacts": [
                  {
                    "id": 6148,
                    "artifactId": 9437
                  }
                ]
              },
              {
                "portId": null,
                "task": {
                  "annotations": {},
                  "kind": "task",
                  "type": "Standardize",
                  "parameters": {
                    "table": {
                      "kind": "table",
                      "type": "Table",
                      "value": "table_b9aedc47af35dcbef721754d4d2768b93850ffcd"
                    },
                    "artifactTable": {
                      "kind": "table",
                      "type": "Table",
                      "value": "table_bf9c9c62649f654b8f0f823d309242cc4a5726b1"
                    },
                    "col": {
                      "kind": "column",
                      "type": "Column",
                      "value": "Company Name",
                      "relation": null
                    }
                  },
                  "outputName": null
                },
                "tableData": null,
                "columnMetadata": {},
                "id": 7717182,
                "hash": "7bff57fc758b653ff28620665bf1ca13e44ebffa",
                "pbemappingartifacts": [],
                "targetmappingartifacts": []
              },
              {
                "portId": null,
                "task": {
                  "annotations": {
                    "outputColumnAnnotations": {
                      "Company Name": {
                        "type": [
                          "String"
                        ],
                        "_likely_types": [
                          [
                            "String"
                          ],
                          [
                            "Integer"
                          ],
                          [
                            "Phone"
                          ],
                          [
                            "SSN"
                          ],
                          [
                            "Map"
                          ]
                        ]
                      }
                    }
                  },
                  "kind": "task",
                  "type": "TextFormat",
                  "parameters": {
                    "col": {
                      "kind": "array",
                      "type": "Array",
                      "value": [
                        {
                          "kind": "column",
                          "type": "Column",
                          "value": "Company Name",
                          "relation": null
                        }
                      ]
                    },
                    "type": {
                      "kind": "bundle",
                      "type": "Bundle",
                      "value": "trimquotes"
                    }
                  },
                  "outputName": null
                },
                "tableData": null,
                "columnMetadata": {},
                "id": 7717244,
                "hash": "ac0b205a834df1bac6f8c85175d1a1e0b52f4879",
                "pbemappingartifacts": [],
                "targetmappingartifacts": []
              },
              {
                "portId": null,
                "task": {
                  "annotations": {
                    "outputColumnAnnotations": {
                      "Company Name": {
                        "type": [
                          "String"
                        ],
                        "_likely_types": [
                          [
                            "String"
                          ],
                          [
                            "Integer"
                          ],
                          [
                            "Phone"
                          ],
                          [
                            "SSN"
                          ],
                          [
                            "Map"
                          ]
                        ]
                      }
                    }
                  },
                  "kind": "task",
                  "type": "TextFormat",
                  "parameters": {
                    "col": {
                      "kind": "array",
                      "type": "Array",
                      "value": [
                        {
                          "kind": "column",
                          "type": "Column",
                          "value": "Company Name",
                          "relation": null
                        }
                      ]
                    },
                    "type": {
                      "kind": "bundle",
                      "type": "Bundle",
                      "value": "trimwhitespace"
                    }
                  },
                  "outputName": null
                },
                "tableData": null,
                "columnMetadata": {},
                "id": 7717994,
                "hash": "0c37ee40a4b4260f11ad868d3b0b6c83f2345333",
                "pbemappingartifacts": [],
                "targetmappingartifacts": []
              },
              {
                "portId": null,
                "task": {
                  "annotations": {},
                  "kind": "task",
                  "type": "Rename",
                  "parameters": {
                    "type": {
                      "kind": "bundle",
                      "type": "Bundle",
                      "value": "manual"
                    },
                    "mapping": {
                      "kind": "matrix",
                      "type": "Matrix",
                      "value": [
                        {
                          "kind": "array",
                          "type": "Array",
                          "value": [
                            {
                              "kind": "column",
                              "type": "Column",
                              "value": "Country1",
                              "relation": null
                            },
                            {
                              "kind": "constant",
                              "type": "String",
                              "value": "Town"
                            }
                          ]
                        }
                      ]
                    }
                  },
                  "outputName": null
                },
                "tableData": null,
                "columnMetadata": {},
                "id": 7718016,
                "hash": "1e9f386285dc91d0f9e4e76d3762ab0ab7cf39f4",
                "pbemappingartifacts": [],
                "targetmappingartifacts": []
              },
              {
                "portId": null,
                "task": {
                  "annotations": {
                    "outputColumnAnnotations": {
                      "Town": {
                        "type": [
                          "String"
                        ],
                        "_likely_types": [
                          [
                            "String"
                          ],
                          [
                            "Integer"
                          ],
                          [
                            "Phone"
                          ],
                          [
                            "SSN"
                          ],
                          [
                            "Map"
                          ]
                        ]
                      }
                    }
                  },
                  "kind": "task",
                  "type": "TextFormat",
                  "parameters": {
                    "col": {
                      "kind": "array",
                      "type": "Array",
                      "value": [
                        {
                          "kind": "column",
                          "type": "Column",
                          "value": "Town",
                          "relation": null
                        }
                      ]
                    },
                    "type": {
                      "kind": "bundle",
                      "type": "Bundle",
                      "value": "propercase"
                    }
                  },
                  "outputName": null
                },
                "tableData": null,
                "columnMetadata": {},
                "id": 7718034,
                "hash": "e941caae75d44be6503325df0b8256f987e102dc",
                "pbemappingartifacts": [],
                "targetmappingartifacts": []
              },
              {
                "portId": null,
                "task": {
                  "annotations": {
                    "outputColumnAnnotations": {
                      "Town": {
                        "type": [
                          "String"
                        ],
                        "_likely_types": [
                          [
                            "String"
                          ],
                          [
                            "Integer"
                          ],
                          [
                            "Phone"
                          ],
                          [
                            "SSN"
                          ],
                          [
                            "Map"
                          ]
                        ]
                      }
                    }
                  },
                  "kind": "task",
                  "type": "TextFormat",
                  "parameters": {
                    "col": {
                      "kind": "array",
                      "type": "Array",
                      "value": [
                        {
                          "kind": "column",
                          "type": "Column",
                          "value": "Town",
                          "relation": null
                        }
                      ]
                    },
                    "type": {
                      "kind": "bundle",
                      "type": "Bundle",
                      "value": "removeaccents"
                    }
                  },
                  "outputName": null
                },
                "tableData": null,
                "columnMetadata": {},
                "id": 7718067,
                "hash": "2b2ef44e361144cc9fadf21ccf386597280e5d50",
                "pbemappingartifacts": [],
                "targetmappingartifacts": []
              },
              {
                "portId": null,
                "task": {
                  "annotations": {
                    "outputColumnAnnotations": {
                      "Town": {
                        "type": [
                          "String"
                        ],
                        "_likely_types": [
                          [
                            "String"
                          ],
                          [
                            "Integer"
                          ],
                          [
                            "Phone"
                          ],
                          [
                            "SSN"
                          ],
                          [
                            "Map"
                          ]
                        ]
                      }
                    }
                  },
                  "kind": "task",
                  "type": "TextFormat",
                  "parameters": {
                    "col": {
                      "kind": "array",
                      "type": "Array",
                      "value": [
                        {
                          "kind": "column",
                          "type": "Column",
                          "value": "Town",
                          "relation": null
                        }
                      ]
                    },
                    "type": {
                      "kind": "bundle",
                      "type": "Bundle",
                      "value": "removesymbols"
                    }
                  },
                  "outputName": null
                },
                "tableData": null,
                "columnMetadata": {},
                "id": 7718110,
                "hash": "dc9b10bc9bfe77e6306eb75f47fa875e0b49440a",
                "pbemappingartifacts": [],
                "targetmappingartifacts": []
              },
              {
                "portId": null,
                "task": {
                  "annotations": {
                    "hidden": true
                  },
                  "kind": "task",
                  "type": "Load",
                  "parameters": {
                    "location": {
                      "kind": "constant",
                      "type": "String",
                      "value": "artifactId://9448"
                    },
                    "format": {
                      "annotations": {},
                      "kind": "func",
                      "type": "FormatTrifacta",
                      "parameters": {
                        "rowDelimiter": {
                          "kind": "constant",
                          "type": "String",
                          "value": "\n"
                        },
                        "quote": {
                          "kind": "constant",
                          "type": "String",
                          "value": "\""
                        },
                        "keepTrailingRecord": {
                          "kind": "constant",
                          "type": "Bool",
                          "value": true
                        },
                        "quoteEscapeChar": {
                          "kind": "constant",
                          "type": "String",
                          "value": "\\"
                        },
                        "includeLineage": {
                          "kind": "constant",
                          "type": "Bool",
                          "value": true
                        },
                        "includeFileLineage": {
                          "kind": "constant",
                          "type": "Bool",
                          "value": true
                        },
                        "maxRecordLength": {
                          "kind": "constant",
                          "type": "Integer",
                          "value": 1048576
                        },
                        "includeByteOffset": {
                          "kind": "constant",
                          "type": "Bool",
                          "value": false
                        }
                      }
                    },
                    "as": {
                      "kind": "array",
                      "type": "Array",
                      "value": [
                        {
                          "kind": "constant",
                          "type": "String",
                          "value": "artifactData"
                        }
                      ]
                    }
                  },
                  "outputName": "table_612a3f628b566bf18495a99e3b10e410e03a19c2"
                },
                "tableData": null,
                "columnMetadata": {},
                "id": 7718245,
                "hash": "1ae07a2cf3f2dee27b80a2dcbe7bb0fda55f789f",
                "pbemappingartifacts": [],
                "targetmappingartifacts": [
                  {
                    "id": 6153,
                    "artifactId": 9448
                  }
                ]
              },
              {
                "portId": null,
                "task": {
                  "annotations": {},
                  "kind": "task",
                  "type": "Standardize",
                  "parameters": {
                    "table": {
                      "kind": "table",
                      "type": "Table",
                      "value": "table_fbec44259699f4263c66340cff2326a40c27ac99"
                    },
                    "artifactTable": {
                      "kind": "table",
                      "type": "Table",
                      "value": "table_612a3f628b566bf18495a99e3b10e410e03a19c2"
                    },
                    "col": {
                      "kind": "column",
                      "type": "Column",
                      "value": "Town",
                      "relation": null
                    }
                  },
                  "outputName": null
                },
                "tableData": null,
                "columnMetadata": {},
                "id": 7718246,
                "hash": "615b73bfd783e3c87f373f391e5f57937ea1b554",
                "pbemappingartifacts": [],
                "targetmappingartifacts": []
              },
              {
                "portId": null,
                "task": {
                  "annotations": {},
                  "kind": "task",
                  "type": "Deduplicate",
                  "parameters": {},
                  "outputName": null
                },
                "tableData": null,
                "columnMetadata": {},
                "id": 7718264,
                "hash": "f20008c0dd958d0fcbc54086deb209f539c6342b",
                "pbemappingartifacts": [],
                "targetmappingartifacts": []
              },
              {
                "portId": null,
                "task": {
                  "annotations": {},
                  "kind": "task",
                  "type": "Rename",
                  "parameters": {
                    "type": {
                      "kind": "bundle",
                      "type": "Bundle",
                      "value": "manual"
                    },
                    "mapping": {
                      "kind": "matrix",
                      "type": "Matrix",
                      "value": [
                        {
                          "kind": "array",
                          "type": "Array",
                          "value": [
                            {
                              "kind": "column",
                              "type": "Column",
                              "value": "Company Name",
                              "relation": null
                            },
                            {
                              "kind": "constant",
                              "type": "String",
                              "value": "company_name"
                            }
                          ]
                        }
                      ]
                    }
                  },
                  "outputName": null
                },
                "tableData": null,
                "columnMetadata": {},
                "id": 7718338,
                "hash": "924d75b16a29d2ed6db2db6dc2703208c78b9b11",
                "pbemappingartifacts": [],
                "targetmappingartifacts": []
              },
              {
                "portId": null,
                "task": {
                  "annotations": {},
                  "kind": "task",
                  "type": "Rename",
                  "parameters": {
                    "type": {
                      "kind": "bundle",
                      "type": "Bundle",
                      "value": "manual"
                    },
                    "mapping": {
                      "kind": "matrix",
                      "type": "Matrix",
                      "value": [
                        {
                          "kind": "array",
                          "type": "Array",
                          "value": [
                            {
                              "kind": "column",
                              "type": "Column",
                              "value": "Country",
                              "relation": null
                            },
                            {
                              "kind": "constant",
                              "type": "String",
                              "value": "country"
                            }
                          ]
                        }
                      ]
                    }
                  },
                  "outputName": null
                },
                "tableData": null,
                "columnMetadata": {},
                "id": 7718342,
                "hash": "b9ef1772344bd413311b16992643ea9c61eec589",
                "pbemappingartifacts": [],
                "targetmappingartifacts": []
              },
              {
                "portId": null,
                "task": {
                  "annotations": {},
                  "kind": "task",
                  "type": "Rename",
                  "parameters": {
                    "type": {
                      "kind": "bundle",
                      "type": "Bundle",
                      "value": "manual"
                    },
                    "mapping": {
                      "kind": "matrix",
                      "type": "Matrix",
                      "value": [
                        {
                          "kind": "array",
                          "type": "Array",
                          "value": [
                            {
                              "kind": "column",
                              "type": "Column",
                              "value": "Company ID 1",
                              "relation": null
                            },
                            {
                              "kind": "constant",
                              "type": "String",
                              "value": "Company_id1"
                            }
                          ]
                        }
                      ]
                    }
                  },
                  "outputName": null
                },
                "tableData": null,
                "columnMetadata": {},
                "id": 7718344,
                "hash": "fdb5f046a4c5bbe3273b7abd7e0b668d1db3e812",
                "pbemappingartifacts": [],
                "targetmappingartifacts": []
              },
              {
                "portId": null,
                "task": {
                  "annotations": {},
                  "kind": "task",
                  "type": "Rename",
                  "parameters": {
                    "type": {
                      "kind": "bundle",
                      "type": "Bundle",
                      "value": "manual"
                    },
                    "mapping": {
                      "kind": "matrix",
                      "type": "Matrix",
                      "value": [
                        {
                          "kind": "array",
                          "type": "Array",
                          "value": [
                            {
                              "kind": "column",
                              "type": "Column",
                              "value": "Company_id1",
                              "relation": null
                            },
                            {
                              "kind": "constant",
                              "type": "String",
                              "value": "company_id1"
                            }
                          ]
                        }
                      ]
                    }
                  },
                  "outputName": null
                },
                "tableData": null,
                "columnMetadata": {},
                "id": 7718364,
                "hash": "597cae0f33926b6c809e0ea6232007ace002f7b0",
                "pbemappingartifacts": [],
                "targetmappingartifacts": []
              },
              {
                "portId": null,
                "task": {
                  "annotations": {},
                  "kind": "task",
                  "type": "Rename",
                  "parameters": {
                    "type": {
                      "kind": "bundle",
                      "type": "Bundle",
                      "value": "manual"
                    },
                    "mapping": {
                      "kind": "matrix",
                      "type": "Matrix",
                      "value": [
                        {
                          "kind": "array",
                          "type": "Array",
                          "value": [
                            {
                              "kind": "column",
                              "type": "Column",
                              "value": "Company ID 2",
                              "relation": null
                            },
                            {
                              "kind": "constant",
                              "type": "String",
                              "value": "company_id2"
                            }
                          ]
                        }
                      ]
                    }
                  },
                  "outputName": null
                },
                "tableData": null,
                "columnMetadata": {},
                "id": 7718374,
                "hash": "9c2f6cb6fe35c3e705bcef9205308689e906c1ca",
                "pbemappingartifacts": [],
                "targetmappingartifacts": []
              },
              {
                "portId": null,
                "task": {
                  "annotations": {},
                  "kind": "task",
                  "type": "Rename",
                  "parameters": {
                    "type": {
                      "kind": "bundle",
                      "type": "Bundle",
                      "value": "manual"
                    },
                    "mapping": {
                      "kind": "matrix",
                      "type": "Matrix",
                      "value": [
                        {
                          "kind": "array",
                          "type": "Array",
                          "value": [
                            {
                              "kind": "column",
                              "type": "Column",
                              "value": "Company ID 3",
                              "relation": null
                            },
                            {
                              "kind": "constant",
                              "type": "String",
                              "value": "company_id3"
                            }
                          ]
                        }
                      ]
                    }
                  },
                  "outputName": null
                },
                "tableData": null,
                "columnMetadata": {},
                "id": 7718375,
                "hash": "19b6864c4603ff1b236548e2c157844d537ef6a6",
                "pbemappingartifacts": [],
                "targetmappingartifacts": []
              },
              {
                "portId": null,
                "task": {
                  "annotations": {},
                  "kind": "task",
                  "type": "Rename",
                  "parameters": {
                    "type": {
                      "kind": "bundle",
                      "type": "Bundle",
                      "value": "manual"
                    },
                    "mapping": {
                      "kind": "matrix",
                      "type": "Matrix",
                      "value": [
                        {
                          "kind": "array",
                          "type": "Array",
                          "value": [
                            {
                              "kind": "column",
                              "type": "Column",
                              "value": "Company ID 4",
                              "relation": null
                            },
                            {
                              "kind": "constant",
                              "type": "String",
                              "value": "company_id4"
                            }
                          ]
                        }
                      ]
                    }
                  },
                  "outputName": null
                },
                "tableData": null,
                "columnMetadata": {},
                "id": 7718376,
                "hash": "a71e39054ee6babaad2532abef9730bfd94f534d",
                "pbemappingartifacts": [],
                "targetmappingartifacts": []
              },
              {
                "portId": null,
                "task": {
                  "annotations": {},
                  "kind": "task",
                  "type": "Rename",
                  "parameters": {
                    "type": {
                      "kind": "bundle",
                      "type": "Bundle",
                      "value": "manual"
                    },
                    "mapping": {
                      "kind": "matrix",
                      "type": "Matrix",
                      "value": [
                        {
                          "kind": "array",
                          "type": "Array",
                          "value": [
                            {
                              "kind": "column",
                              "type": "Column",
                              "value": "Town",
                              "relation": null
                            },
                            {
                              "kind": "constant",
                              "type": "String",
                              "value": "town"
                            }
                          ]
                        }
                      ]
                    }
                  },
                  "outputName": null
                },
                "tableData": null,
                "columnMetadata": {},
                "id": 7718377,
                "hash": "5cc8683e259783d393764911d05b2d0f1cc090de",
                "pbemappingartifacts": [],
                "targetmappingartifacts": []
              },
              {
                "portId": null,
                "task": {
                  "annotations": {},
                  "kind": "task",
                  "type": "Rename",
                  "parameters": {
                    "type": {
                      "kind": "bundle",
                      "type": "Bundle",
                      "value": "manual"
                    },
                    "mapping": {
                      "kind": "matrix",
                      "type": "Matrix",
                      "value": [
                        {
                          "kind": "array",
                          "type": "Array",
                          "value": [
                            {
                              "kind": "column",
                              "type": "Column",
                              "value": "ZIP Code",
                              "relation": null
                            },
                            {
                              "kind": "constant",
                              "type": "String",
                              "value": "zipcode"
                            }
                          ]
                        }
                      ]
                    }
                  },
                  "outputName": null
                },
                "tableData": null,
                "columnMetadata": {},
                "id": 7718380,
                "hash": "d5506846ab64ee329fe290d4356f799f8110dc87",
                "pbemappingartifacts": [],
                "targetmappingartifacts": []
              }
            ]
          },
          {
            "id": 1368442,
            "name": "companies.csv",
            "description": null,
            "active": true,
            "nextPortId": 1,
            "steps": [
              {
                "portId": null,
                "task": {
                  "annotations": {
                    "hidden": true
                  },
                  "kind": "task",
                  "type": "Load",
                  "parameters": {
                    "format": {
                      "annotations": {},
                      "kind": "func",
                      "type": "FormatBlob",
                      "parameters": {}
                    },
                    "location": {
                      "kind": "constant",
                      "type": "String",
                      "value": "id://670850"
                    },
                    "enableLineage": {
                      "kind": "constant",
                      "type": "Bool",
                      "value": true
                    },
                    "as": {
                      "kind": "array",
                      "type": "Array",
                      "value": [
                        {
                          "kind": "constant",
                          "type": "String",
                          "value": "column1"
                        }
                      ]
                    }
                  },
                  "outputName": "original_datasource_670850"
                },
                "tableData": null,
                "columnMetadata": null,
                "id": 7714950,
                "hash": "4f67082dde5cbf42deae110c284daedb91260c20",
                "pbemappingartifacts": [],
                "targetmappingartifacts": []
              },
              {
                "portId": null,
                "task": {
                  "annotations": {
                    "outputColumnAnnotations": {
                      "column1": {
                        "type": [
                          "String"
                        ],
                        "_likely_types": [
                          [
                            "String"
                          ],
                          [
                            "Integer"
                          ],
                          [
                            "Phone"
                          ],
                          [
                            "SSN"
                          ],
                          [
                            "Map"
                          ]
                        ]
                      }
                    }
                  },
                  "kind": "task",
                  "type": "SplitRows",
                  "parameters": {
                    "on": {
                      "kind": "constant",
                      "type": "String",
                      "value": "\r\n"
                    },
                    "col": {
                      "kind": "column",
                      "type": "Column",
                      "value": "column1",
                      "relation": null
                    },
                    "quote": {
                      "kind": "constant",
                      "type": "String",
                      "value": "\""
                    },
                    "quoteEscapeChar": {
                      "kind": "constant",
                      "type": "String",
                      "value": "\""
                    }
                  },
                  "outputName": null
                },
                "tableData": null,
                "columnMetadata": null,
                "id": 7714951,
                "hash": "3e9821a4b98bbaeb713a7a558e0dfd16e5285594",
                "pbemappingartifacts": [],
                "targetmappingartifacts": []
              },
              {
                "portId": null,
                "task": {
                  "annotations": {
                    "outputColumnAnnotations": {
                      "column2": {
                        "type": [
                          "String"
                        ],
                        "_likely_types": [
                          [
                            "String"
                          ],
                          [
                            "Integer"
                          ],
                          [
                            "Phone"
                          ],
                          [
                            "SSN"
                          ],
                          [
                            "Map"
                          ]
                        ]
                      },
                      "column3": {
                        "type": [
                          "String"
                        ],
                        "_likely_types": [
                          [
                            "String"
                          ],
                          [
                            "Integer"
                          ],
                          [
                            "Phone"
                          ],
                          [
                            "SSN"
                          ],
                          [
                            "Map"
                          ]
                        ]
                      },
                      "column4": {
                        "type": [
                          "String"
                        ],
                        "_likely_types": [
                          [
                            "String"
                          ],
                          [
                            "Integer"
                          ],
                          [
                            "Phone"
                          ],
                          [
                            "Map"
                          ],
                          [
                            "Ipaddress"
                          ]
                        ]
                      },
                      "column5": {
                        "type": [
                          "String"
                        ],
                        "_likely_types": [
                          [
                            "String"
                          ],
                          [
                            "Integer"
                          ],
                          [
                            "Phone"
                          ],
                          [
                            "SSN"
                          ],
                          [
                            "Float"
                          ]
                        ]
                      },
                      "column6": {
                        "type": [
                          "String"
                        ],
                        "_likely_types": [
                          [
                            "String"
                          ],
                          [
                            "Integer"
                          ],
                          [
                            "Phone"
                          ],
                          [
                            "SSN"
                          ],
                          [
                            "Ipaddress"
                          ]
                        ]
                      },
                      "column7": {
                        "type": [
                          "String"
                        ],
                        "_likely_types": [
                          [
                            "String"
                          ],
                          [
                            "Integer"
                          ],
                          [
                            "Phone"
                          ],
                          [
                            "SSN"
                          ],
                          [
                            "Map"
                          ]
                        ]
                      },
                      "column8": {
                        "type": [
                          "String"
                        ],
                        "_likely_types": [
                          [
                            "String"
                          ],
                          [
                            "Integer"
                          ],
                          [
                            "Phone"
                          ],
                          [
                            "SSN"
                          ],
                          [
                            "Map"
                          ]
                        ]
                      },
                      "column9": {
                        "type": [
                          "Integer"
                        ],
                        "_likely_types": [
                          [
                            "Integer"
                          ],
                          [
                            "Float"
                          ],
                          [
                            "String"
                          ],
                          [
                            "Phone"
                          ],
                          [
                            "SSN"
                          ]
                        ]
                      }
                    }
                  },
                  "kind": "task",
                  "type": "Split",
                  "parameters": {
                    "col": {
                      "kind": "column",
                      "type": "Column",
                      "value": "column1",
                      "relation": null
                    },
                    "type": {
                      "kind": "bundle",
                      "type": "Bundle",
                      "value": "on"
                    },
                    "on": {
                      "kind": "constant",
                      "type": "String",
                      "value": ","
                    },
                    "limit": {
                      "kind": "constant",
                      "type": "Integer",
                      "value": 7
                    },
                    "quote": {
                      "kind": "constant",
                      "type": "String",
                      "value": "\""
                    },
                    "as": {
                      "kind": "array",
                      "type": "Array",
                      "value": [
                        {
                          "kind": "constant",
                          "type": "String",
                          "value": "column2"
                        },
                        {
                          "kind": "constant",
                          "type": "String",
                          "value": "column3"
                        },
                        {
                          "kind": "constant",
                          "type": "String",
                          "value": "column4"
                        },
                        {
                          "kind": "constant",
                          "type": "String",
                          "value": "column5"
                        },
                        {
                          "kind": "constant",
                          "type": "String",
                          "value": "column6"
                        },
                        {
                          "kind": "constant",
                          "type": "String",
                          "value": "column7"
                        },
                        {
                          "kind": "constant",
                          "type": "String",
                          "value": "column8"
                        },
                        {
                          "kind": "constant",
                          "type": "String",
                          "value": "column9"
                        }
                      ]
                    }
                  },
                  "outputName": null
                },
                "tableData": null,
                "columnMetadata": null,
                "id": 7714952,
                "hash": "c62d9de5b68c4839a6d4ce8b20f92091a9a311a0",
                "pbemappingartifacts": [],
                "targetmappingartifacts": []
              },
              {
                "portId": null,
                "task": {
                  "annotations": {
                    "outputColumnAnnotations": {
                      "Country": {
                        "type": [
                          "String"
                        ],
                        "_likely_types": [
                          [
                            "String"
                          ],
                          [
                            "Integer"
                          ],
                          [
                            "Phone"
                          ],
                          [
                            "SSN"
                          ],
                          [
                            "Map"
                          ]
                        ]
                      },
                      "Company Name": {
                        "type": [
                          "String"
                        ],
                        "_likely_types": [
                          [
                            "String"
                          ],
                          [
                            "Integer"
                          ],
                          [
                            "Phone"
                          ],
                          [
                            "SSN"
                          ],
                          [
                            "Map"
                          ]
                        ]
                      },
                      "Company ID 1": {
                        "type": [
                          "String"
                        ],
                        "_likely_types": [
                          [
                            "String"
                          ],
                          [
                            "Integer"
                          ],
                          [
                            "Phone"
                          ],
                          [
                            "Map"
                          ],
                          [
                            "Ipaddress"
                          ]
                        ]
                      },
                      "Company ID 2": {
                        "type": [
                          "String"
                        ],
                        "_likely_types": [
                          [
                            "String"
                          ],
                          [
                            "Integer"
                          ],
                          [
                            "Phone"
                          ],
                          [
                            "SSN"
                          ],
                          [
                            "Float"
                          ]
                        ]
                      },
                      "Company ID 3": {
                        "type": [
                          "String"
                        ],
                        "_likely_types": [
                          [
                            "String"
                          ],
                          [
                            "Integer"
                          ],
                          [
                            "Phone"
                          ],
                          [
                            "SSN"
                          ],
                          [
                            "Ipaddress"
                          ]
                        ]
                      },
                      "Company ID 4": {
                        "type": [
                          "String"
                        ],
                        "_likely_types": [
                          [
                            "String"
                          ],
                          [
                            "Integer"
                          ],
                          [
                            "Phone"
                          ],
                          [
                            "SSN"
                          ],
                          [
                            "Map"
                          ]
                        ]
                      },
                      "Country1": {
                        "type": [
                          "String"
                        ],
                        "_likely_types": [
                          [
                            "String"
                          ],
                          [
                            "Integer"
                          ],
                          [
                            "Phone"
                          ],
                          [
                            "SSN"
                          ],
                          [
                            "Map"
                          ]
                        ]
                      },
                      "ZIP Code": {
                        "type": [
                          "Integer"
                        ],
                        "_likely_types": [
                          [
                            "Integer"
                          ],
                          [
                            "Float"
                          ],
                          [
                            "String"
                          ],
                          [
                            "Phone"
                          ],
                          [
                            "SSN"
                          ]
                        ]
                      }
                    }
                  },
                  "kind": "task",
                  "type": "Header",
                  "parameters": {
                    "sanitize": {
                      "kind": "constant",
                      "type": "Bool",
                      "value": false
                    },
                    "as": {
                      "kind": "array",
                      "type": "Array",
                      "value": [
                        {
                          "kind": "constant",
                          "type": "String",
                          "value": "Country"
                        },
                        {
                          "kind": "constant",
                          "type": "String",
                          "value": "Company Name"
                        },
                        {
                          "kind": "constant",
                          "type": "String",
                          "value": "Company ID 1"
                        },
                        {
                          "kind": "constant",
                          "type": "String",
                          "value": "Company ID 2"
                        },
                        {
                          "kind": "constant",
                          "type": "String",
                          "value": "Company ID 3"
                        },
                        {
                          "kind": "constant",
                          "type": "String",
                          "value": "Company ID 4"
                        },
                        {
                          "kind": "constant",
                          "type": "String",
                          "value": "Country1"
                        },
                        {
                          "kind": "constant",
                          "type": "String",
                          "value": "ZIP Code"
                        }
                      ]
                    }
                  },
                  "outputName": null
                },
                "tableData": {
                  "column2": "Country",
                  "column3": "Company Name",
                  "column4": "Company ID 1",
                  "column5": "Company ID 2",
                  "column6": "Company ID 3",
                  "column7": "Company ID 4",
                  "column8": "Country",
                  "column9": "ZIP Code"
                },
                "columnMetadata": null,
                "id": 7714953,
                "hash": "7e7071f7f78dd29a765003825422fcddab449e4f",
                "pbemappingartifacts": [],
                "targetmappingartifacts": []
              }
            ]
          }
        ],
        "outputobjects": [
          {
            "id": 252325,
            "execution": "dataflow",
            "profiler": true,
            "flowNodeId": 1487040,
            "isAdhoc": true,
            "publications": [
              {
                "path": [
                  "celia-ml",
                  "vanilla"
                ],
                "parameters": {
                  "externalTableLocation": null,
                  "isDeltaTable": "false",
                  "isExternalTable": "false"
                },
                "id": 272136,
                "tableName": "companies",
                "targetType": "bigquery",
                "action": "createAndLoad",
                "connectionId": null,
                "runParameters": []
              }
            ],
            "writesettings": [],
            "outputobjectdataflowoptions": [
              {
                "id": 1458828,
                "key": "autoscalingAlgorithm",
                "value": "THROUGHPUT_BASED"
              },
              {
                "id": 1458825,
                "key": "machineType",
                "value": "n1-standard-1"
              },
              {
                "id": 1458831,
                "key": "maxNumWorkers",
                "value": "1000"
              },
              {
                "id": 1458826,
                "key": "network",
                "value": ""
              },
              {
                "id": 1458830,
                "key": "numWorkers",
                "value": "1"
              },
              {
                "id": 1458823,
                "key": "region",
                "value": "europe-west1"
              },
              {
                "id": 1458829,
                "key": "serviceAccount",
                "value": ""
              },
              {
                "id": 1458827,
                "key": "subnetwork",
                "value": ""
              },
              {
                "id": 1458832,
                "key": "usePublicIps",
                "value": "true"
              },
              {
                "id": 1458824,
                "key": "zone",
                "value": ""
              }
            ],
            "outputobjectsparkoptions": []
          }
        ],
        "datasources": [
          {
            "path": "/companies.csv",
            "bucket": "vanilla_bucket",
            "userinfo": null,
            "type": "gs",
            "host": null,
            "isDynamicOrConverted": false,
            "id": 670850,
            "dynamicPath": null,
            "cpProject": "celia-ml",
            "connectionId": null,
            "isSchematized": true,
            "isDynamic": false,
            "isConverted": false,
            "disableTypeInference": false,
            "hasStructuring": true,
            "parsingScriptId": 1368442,
            "storageLocation": {
              "fullUri": "gs://vanilla_bucket/companies.csv",
              "id": 8937341,
              "path": "/companies.csv",
              "size": 2927788,
              "type": "gs",
              "bucket": "vanilla_bucket",
              "blobHost": null,
              "container": null,
              "hash": "6b31b2fe73dd21be8778c0260e4dc1c484725690",
              "host": null,
              "userinfo": null
            },
            "runParameters": []
          }
        ],
        "webhookflowtasks": []
      }
    ]
  },
  "hash": "hrPDKctDrjGshbcQAr6NqNUvULY1Vxtz"
}